id,first_name,last_name,email
1,Leilah,Shapter,lshapter0@indiegogo.com
2,Rob,Jerrolt,rjerrolt1@virginia.edu
3,Parry,Glashby,pglashby2@fotki.com
4,Kikelia,Cortez,kcortez3@amazon.com
5,Verena,Janes,vjanes4@businesswire.com
6,Margarette,Aiston,maiston5@weibo.com
7,De,Pinckney,dpinckney6@amazon.co.uk
8,Bogart,Briddle,bbriddle7@etsy.com
9,Zola,Tungate,ztungate8@forbes.com
10,Dorisa,Linner,dlinner9@typepad.com
